Date,Register_Number,Student_Name,Class,Year,Email_ID,LeetCode_ID,LeetCode_URL,Daily_Target,Solved_Today,Daily_Status,Total_Solved,Solved_This_Week,Weekly_Target,Weekly_Status
"2026-10-04","922525205001","AAFRIN T","II IT A","2","aafrin0708@gmail.com","","","0","0","NO TARGET","238","0","0","NO TARGET"
"2026-10-04","922525205002","ABINANDHAN V","II IT A","2","abinandhanvsb@gmail.com","","","0","0","NO TARGET","137","0","0","NO TARGET"
"2026-10-04","922525205003","ABINAYA P","II IT A","2","abinayabtechit10@gmail.com","","","0","0","NO TARGET","184","0","0","NO TARGET"
"2026-10-04","922525205004","ABINAYA P","II IT A","2","abinaya9484@gmail.com","","","0","0","NO TARGET","201","0","0","NO TARGET"
"2026-10-04","922525205005","ABIRAMI PARAMASIVAN","II IT A","2","abiramiparamasivan08@gmail.com","","","0","0","NO TARGET","160","0","0","NO TARGET"
"2026-10-04","922525205006","ABIRAMY S","II IT A","2","sivaabiramy2008@gmail.com","","","0","0","NO TARGET","196","0","0","NO TARGET"
"2026-10-04","922525205007","ABISHAKE V","II IT A","2","abishakev007@gmail.com","","","0","0","NO TARGET","115","0","0","NO TARGET"
"2026-10-04","922525205008","ABISHEKAN B","II IT A","2","a2abishekanb@gmail.com","","","0","0","NO TARGET","155","0","0","NO TARGET"
"2026-10-04","922525205009","AKASH M","II IT A","2","akash320164@gmail.com","","","0","0","NO TARGET","0","0","0","NO TARGET"
"2026-10-04","922525205010","AKILAN S","II IT A","2","akilansundhar724@gmail.com","","","0","0","NO TARGET","126","0","0","NO TARGET"
"2026-10-04","922525205011","AKSHITHA SS","II IT A","2","akshithasivaprakasam2210@gmail.com","","","0","0","NO TARGET","135","0","0","NO TARGET"
"2026-10-04","922525205012","ARUN MURUGAN M","II IT A","2","arunkudalur123@gmail.com","","","0","0","NO TARGET","0","0","0","NO TARGET"
"2026-10-04","922525205013","ARUN YOGESH D","II IT A","2","arunyogesh182007@gmail.com","","","0","0","NO TARGET","58","0","0","NO TARGET"
"2026-10-04","922525205014","ASHWIN R T","II IT A","2","rtashwin8@gmail.com","","","0","0","NO TARGET","142","0","0","NO TARGET"
"2026-10-04","922525205015","ASWATH S","II IT A","2","aswaths143@gmail.com","","","0","0","NO TARGET","170","0","0","NO TARGET"
"2026-10-04","922525205016","AVINASH R","II IT A","2","avinashavi132008@gmail.com","","","0","0","NO TARGET","0","0","0","NO TARGET"
"2026-10-04","922525205017","BALAJI A","II IT A","2","balaji755030@gmail.com","","","0","0","NO TARGET","132","0","0","NO TARGET"
"2026-10-04","922525205018","BALAJI S","II IT A","2","balajipym2007@gmail.com","","","0","0","NO TARGET","168","0","0","NO TARGET"
"2026-10-04","922525205019","BHARATH S","II IT A","2","bharathseenivasan1@gmail.com","","","0","0","NO TARGET","124","0","0","NO TARGET"
"2026-10-04","922525205020","BHUPESH S D","II IT A","2","bhupeshsd2005@gmail.com","","","0","0","NO TARGET","0","0","0","NO TARGET"
"2026-10-04","922525205021","CHANDRU V","II IT A","2","chandruchandru17699@gmail.com","","","0","0","NO TARGET","77","0","0","NO TARGET"
"2026-10-04","922525205022","CIBIKA S","II IT A","2","cibikasivasalamoorthi@gmail.com","","","0","0","NO TARGET","248","0","0","NO TARGET"
"2026-10-04","922525205023","DARSHANKANTH S","II IT A","2","darshan9787130751@gmail.com","","","0","0","NO TARGET","222","0","0","NO TARGET"
"2026-10-04","922525205024","DEEPIKA T","II IT A","2","deepikatg07@gmail.com","","","0","0","NO TARGET","261","0","0","NO TARGET"
"2026-10-04","922525205025","DEVI G","II IT A","2","gdevi250326@gmail.com","","","0","0","NO TARGET","213","0","0","NO TARGET"
"2026-10-04","922525205026","DHANUSH R","II IT A","2","dhanushmohan676@gmail.com","","","0","0","NO TARGET","123","0","0","NO TARGET"
"2026-10-04","922525205027","DHANUSRI R","II IT A","2","dhanusrir0801@gmail.com","","","0","0","NO TARGET","230","0","0","NO TARGET"
"2026-10-04","922525205028","DHARANI KANNAYAN","II IT A","2","dharanikannayan2008@gmail.com","","","0","0","NO TARGET","155","0","0","NO TARGET"
"2026-10-04","922525205029","DHARANMANI K","II IT A","2","kdharanmani31@gmail.com","","","0","0","NO TARGET","94","0","0","NO TARGET"
"2026-10-04","922525205030","DHARINEESH V","II IT A","2","dharineesh410@gmail.com","","","0","0","NO TARGET","157","0","0","NO TARGET"
"2026-10-04","922525205031","DHARNESH K","II IT A","2","dharneshsudha07@gmail.com","","","0","0","NO TARGET","131","0","0","NO TARGET"
"2026-10-04","922525205032","DHARSANA SRI U","II IT A","2","udharshana53@gmail.com","","","0","0","NO TARGET","185","0","0","NO TARGET"
"2026-10-04","922525205033","DHARUN M","II IT A","2","dharunmurugam231@gmail.com","","","0","0","NO TARGET","46","0","0","NO TARGET"
"2026-10-04","922525205034","DHARUNKUMAR K","II IT A","2","kumardharun228@gmail.com","","","0","0","NO TARGET","157","0","0","NO TARGET"
"2026-10-04","922525205035","DHAYANITHI M","II IT A","2","dhayanithm2007@gmail.com","","","0","0","NO TARGET","0","0","0","NO TARGET"
"2026-10-04","922525205036","DHEENADHAYALAN K","II IT A","2","dheenadhayalank709@gmail.com","","","0","0","NO TARGET","198","0","0","NO TARGET"
"2026-10-04","922525205037","DINESH M","II IT A","2","dineshmurugan591@gmail.com","","","0","0","NO TARGET","198","0","0","NO TARGET"
"2026-10-04","922525205038","DIVYA BHARATHI S","II IT A","2","divyasankar032008@gmail.com","","","0","0","NO TARGET","178","0","0","NO TARGET"
"2026-10-04","922525205039","DIVYA SREE V","II IT A","2","divyasree26yy@gmail.com","","","0","0","NO TARGET","224","0","0","NO TARGET"
"2026-10-04","922525205040","DIVYADHARSHINI S","II IT A","2","sdivyadharshini894@gmail.com","","","0","0","NO TARGET","193","0","0","NO TARGET"
"2026-10-04","922525205041","DIVYANAYAGI B","II IT A","2","divyanayakib@gmail.com","","","0","0","NO TARGET","229","0","0","NO TARGET"
"2026-10-04","922525205042","FAMITHA BANU N","II IT A","2","famithabanu669@gmail.com","","","0","0","NO TARGET","280","0","0","NO TARGET"
"2026-10-04","922525205043","FLOW JOURNET N","II IT A","2","flowjournet@gmail.com","","","0","0","NO TARGET","164","0","0","NO TARGET"
"2026-10-04","922525205044","GIRIPATHI B","II IT A","2","giripathi46@gmail.com","","","0","0","NO TARGET","0","0","0","NO TARGET"
"2026-10-04","922525205045","GOWTHAM KUMAR K","II IT A","2","noxgowthamkumar1458@gmail.com","","","0","0","NO TARGET","0","0","0","NO TARGET"
"2026-10-04","922525205046","GUHAN S","II IT A","2","guhasaravanan2008@gmail.com","","","0","0","NO TARGET","0","0","0","NO TARGET"
"2026-10-04","922525205047","GURUNATHAN A","II IT A","2","gurunathan1234a@gmail.com","","","0","0","NO TARGET","216","0","0","NO TARGET"
"2026-10-04","922525205048","GURUPRASATH A","II IT A","2","agurujoker@gmail.com","","","0","0","NO TARGET","0","0","0","NO TARGET"
"2026-10-04","922525205049","GURUSUDHAN R","II IT A","2","gurusudhan07@gmail.com","","","0","0","NO TARGET","201","0","0","NO TARGET"
"2026-10-04","922525205050","HAIRATHUL NISHMA M","II IT A","2","segunisha1@gmail.com","","","0","0","NO TARGET","58","0","0","NO TARGET"
"2026-10-04","922525205051","HARANI N","II IT A","2","haraninatarajan6695@gmail.com","","","0","0","NO TARGET","235","0","0","NO TARGET"
"2026-10-04","922525205052","HAREESH S","II IT A","2","hareesh1512@gmail.com","","","0","0","NO TARGET","144","0","0","NO TARGET"
"2026-10-04","922525205053","HARIHARASUDHAN P","II IT A","2","pvhari41@gmail.com","","","0","0","NO TARGET","147","0","0","NO TARGET"
"2026-10-04","922525205054","HARINI RU","II IT A","2","hariniru57@gmail.com","","","0","0","NO TARGET","128","0","0","NO TARGET"
"2026-10-04","922525205055","HARIPRASATH N","II IT A","2","hariprasath02078@gmail.com","","","0","0","NO TARGET","99","0","0","NO TARGET"
"2026-10-04","922525205056","HARISHMA S","II IT A","2","harishmas1711@gmail.com","","","0","0","NO TARGET","234","0","0","NO TARGET"
"2026-10-04","922525205057","HARSHITHA SR","II IT A","2","harshithasenthilkumar333@gmail.com","","","0","0","NO TARGET","250","0","0","NO TARGET"
"2026-10-04","922525205058","HEMA PRIYA K","II IT A","2","hemapriyak509@gmail.com","","","0","0","NO TARGET","190","0","0","NO TARGET"
"2026-10-04","922525205059","INDHU S","II IT A","2","indhusukumar23@gmail.com","","","0","0","NO TARGET","210","0","0","NO TARGET"
"2026-10-04","922525205060","JAFFIN M","II IT A","2","jaffinmj2007@gmail.com","","","0","0","NO TARGET","12","0","0","NO TARGET"
"2026-10-04","922525205061","JANANI K V","II IT A","2","kvjanani333@gmail.com","","","0","0","NO TARGET","0","0","0","NO TARGET"
"2026-10-04","922525205062","JANARTHANARAJA C","II IT A","2","janarthanaraja707@gmail.com","","","0","0","NO TARGET","193","0","0","NO TARGET"
"2026-10-04","922525205063","JAYABHARATHI S","II IT A","2","jayabharathi02012008@gmail.com","","","0","0","NO TARGET","0","0","0","NO TARGET"
"2026-10-04","922525205064","JEEVIYA K","II IT B","2","jeeviyak@gmail.com","","","0","0","NO TARGET","114","0","0","NO TARGET"
"2026-10-04","922525205065","JESLIN BERNICE C","II IT B","2","jeslinbernice@gmail.com","","","0","0","NO TARGET","109","0","0","NO TARGET"
"2026-10-04","922525205066","JOHNJOSHWA R","II IT B","2","joshwabernce@gmail.com","","","0","0","NO TARGET","68","0","0","NO TARGET"
"2026-10-04","922525205067","KAMALI G","II IT B","2","kamaligobinathan@gmail.com","","","0","0","NO TARGET","82","0","0","NO TARGET"
"2026-10-04","922525205068","KANISHKA A","II IT B","2","kanianbu0815@gmail.com","","","0","0","NO TARGET","81","0","0","NO TARGET"
"2026-10-04","922525205069","KANISHKA S","II IT B","2","kanishkaroslin@gmail.com","","","0","0","NO TARGET","115","0","0","NO TARGET"
"2026-10-04","922525205070","KARTHIKA P","II IT B","2","karthikatamil671@gmail.com","","","0","0","NO TARGET","85","0","0","NO TARGET"
"2026-10-04","922525205071","KARTHIKEYA MANIKANDAN S","II IT B","2","justkarthik.cbe@gmail.com","","","0","0","NO TARGET","0","0","0","NO TARGET"
"2026-10-04","922525205072","KARTHIKEYAN P","II IT B","2","keyanpkarthi572@gmail.com","","","0","1","NO TARGET","81","1","0","NO TARGET"
"2026-10-04","922525205073","KAVERY PL","II IT B","2","kaveryannapoorani28@gmail.com","","","0","0","NO TARGET","0","0","0","NO TARGET"
"2026-10-04","922525205074","KAVIN V","II IT B","2","kavinb961@gmail.com","","","0","0","NO TARGET","5","0","0","NO TARGET"
"2026-10-04","922525205075","KAVIYA M","II IT B","2","vkavyakavyak@gmail.com","","","0","0","NO TARGET","88","0","0","NO TARGET"
"2026-10-04","922525205076","KAVYA SRI V","II IT B","2","kavyasriv27@gmail.com","","","0","0","NO TARGET","80","0","0","NO TARGET"
"2026-10-04","922525205077","KIRUDYA J","II IT B","2","kirudyajeevanandham19@gmail.com","","","0","0","NO TARGET","70","0","0","NO TARGET"
"2026-10-04","922525205078","KISHORE P","II IT B","2","pkishore1603@gmail.com","","","0","0","NO TARGET","0","0","0","NO TARGET"
"2026-10-04","922525205079","KOWSHIK M","II IT B","2","kowshik2008@gmail.com","","","0","0","NO TARGET","132","0","0","NO TARGET"
"2026-10-04","922525205080","KOWSHIKA R","II IT B","2","rathinasamy170@gmail.com","","","0","0","NO TARGET","118","0","0","NO TARGET"
"2026-10-04","922525205081","KRISANT S S","II IT B","2","krisantss83@gmail.com","","","0","0","NO TARGET","108","0","0","NO TARGET"
"2026-10-04","922525205082","KRISHNA VARTHANA S","II IT B","2","krishnavarthana11@gmail.com","","","0","0","NO TARGET","90","0","0","NO TARGET"
"2026-10-04","922525205083","LAKSHANA B","II IT B","2","lakshana.it2008@gmail.com","","","0","0","NO TARGET","106","0","0","NO TARGET"
"2026-10-04","922525205084","LITHIKA M","II IT B","2","mlithika14@gmail.com","","","0","0","NO TARGET","119","0","0","NO TARGET"
"2026-10-04","922525205085","LOGESHWARAN S S","II IT B","2","logesh0781@gmail.com","","","0","1","NO TARGET","127","1","0","NO TARGET"
"2026-10-04","922525205086","MADHAN A R","II IT B","2","madhanar2008@gmail.com","","","0","0","NO TARGET","45","0","0","NO TARGET"
"2026-10-04","922525205087","MADHUMITHA R","II IT B","2","rmadhumitha675@gmail.com","","","0","0","NO TARGET","124","0","0","NO TARGET"
"2026-10-04","922525205088","MADHUMITHA S","II IT B","2","madhumithas1009@gmail.com","","","0","0","NO TARGET","105","0","0","NO TARGET"
"2026-10-04","922525205089","MADHUMITHA S","II IT B","2","madhumithasenthilkumar52@gmail.com","","","0","0","NO TARGET","105","0","0","NO TARGET"
"2026-10-04","922525205090","MADHURNIKA K","II IT B","2","madhurnikak@gmail.com","","","0","1","NO TARGET","124","1","0","NO TARGET"
"2026-10-04","922525205091","MAHASAKTHI MANIKANDAN","II IT B","2","mahasakthim007@gmail.com","","","0","1","NO TARGET","88","1","0","NO TARGET"
"2026-10-04","922525205092","MANIKANDAN S K","II IT B","2","manikandansk2007@gmail.com","","","0","0","NO TARGET","19","0","0","NO TARGET"
"2026-10-04","922525205093","MANISHA S","II IT B","2","manishasankark@gmail.com","","","0","0","NO TARGET","97","0","0","NO TARGET"
"2026-10-04","922525205095","MATHESH R","II IT B","2","rmathesh920@gmail.com","","","0","0","NO TARGET","88","0","0","NO TARGET"
"2026-10-04","922525205096","MATHIVARSINI S","II IT B","2","mathivarsini523@gmail.com","","","0","0","NO TARGET","114","0","0","NO TARGET"
"2026-10-04","922525205097","MEGHASHRI C","II IT B","2","meghashrichandrasekaren@gmail.com","","","0","1","NO TARGET","123","1","0","NO TARGET"
"2026-10-04","922525205098","MIDUNA K","II IT B","2","midunak65@gmail.com","","","0","0","NO TARGET","0","0","0","NO TARGET"
"2026-10-04","922525205099","MIRIAM ANUSHA A","II IT B","2","anuarul203@gmail.com","","","0","0","NO TARGET","80","0","0","NO TARGET"
"2026-10-04","922525205100","MITHILESH K R","II IT B","2","mithileshkr2501@gmail.com","","","0","1","NO TARGET","103","1","0","NO TARGET"
"2026-10-04","922525205101","MOGITH K","II IT B","2","kmogith123@gmail.com","","","0","0","NO TARGET","49","0","0","NO TARGET"
"2026-10-04","922525205102","MOHAMMAD SAMEER A","II IT B","2","amdsameer92it@gmail.com","","","0","0","NO TARGET","12","0","0","NO TARGET"
"2026-10-04","922525205103","MONIKA S","II IT B","2","monikasrini2008@gmail.com","","","0","0","NO TARGET","113","0","0","NO TARGET"
"2026-10-04","922525205104","MONISHA S","II IT B","2","monishasundaram17@gmail.com","","","0","1","NO TARGET","365","1","0","NO TARGET"
"2026-10-04","922525205105","MUHAMMAD ANSHAR M","II IT B","2","muhammadanshar056@gmail.com","","","0","1","NO TARGET","126","1","0","NO TARGET"
"2026-10-04","922525205106","NAETHRA M","II IT B","2","mnaethra2007@gmail.com","","","0","0","NO TARGET","130","0","0","NO TARGET"
"2026-10-04","922525205107","NANDHA S","II IT B","2","nandha1945@gmail.com","","","0","0","NO TARGET","18","0","0","NO TARGET"
"2026-10-04","922525205108","NAVANTHIKA C","II IT B","2","navanthikachinnusamy@gmail.com","","","0","0","NO TARGET","173","0","0","NO TARGET"
"2026-10-04","922525205109","NAVEEN KARTHICK S","II IT B","2","snaveenkarthick07@gmail.com","","","0","0","NO TARGET","28","0","0","NO TARGET"
"2026-10-04","922525205110","NAVEENA N","II IT B","2","naveena64432@gmail.com","","","0","0","NO TARGET","0","0","0","NO TARGET"
"2026-10-04","922525205111","NAVEETHA M","II IT B","2","naveetha141@gmail.com","","","0","0","NO TARGET","76","0","0","NO TARGET"
"2026-10-04","922525205112","NEHARIKA D","II IT B","2","neharikaduraichamy@gmail.com","","","0","0","NO TARGET","115","0","0","NO TARGET"
"2026-10-04","922525205113","NISHANTH R","II IT B","2","nishanthramesh456@gmail.com","","","0","1","NO TARGET","82","1","0","NO TARGET"
"2026-10-04","922525205114","NISHIKA M","II IT B","2","nishikanishi1107@gmail.com","","","0","0","NO TARGET","111","0","0","NO TARGET"
"2026-10-04","922525205115","NITHANISWATHI S","II IT B","2","nithaniswathi@gmail.com","","","0","0","NO TARGET","155","0","0","NO TARGET"
"2026-10-04","922525205116","PARTHASARATHI R","II IT B","2","sarathi2008spark@gmail.com","","","0","0","NO TARGET","0","0","0","NO TARGET"
"2026-10-04","922525205117","PONKUMAR C","II IT B","2","pponkumar206@gmail.com","","","0","0","NO TARGET","36","0","0","NO TARGET"
"2026-10-04","922525205118","POOJASREE R","II IT B","2","poojasree8008@gmail.com","","","0","0","NO TARGET","75","0","0","NO TARGET"
"2026-10-04","922525205119","POORNIMA S","II IT B","2","poornimasakthivel4485@gmail.com","","","0","0","NO TARGET","135","0","0","NO TARGET"
"2026-10-04","922525205120","PRADESH C","II IT B","2","pradesh18it@gmail.com","","","0","0","NO TARGET","77","0","0","NO TARGET"
"2026-10-04","922525205121","PRAGATHEESWARAN E V","II IT B","2","evpragathees9894@gmail.com","","","0","0","NO TARGET","0","0","0","NO TARGET"
"2026-10-04","922525205122","PRAJITH R","II IT B","2","rprajith083@gmail.com","","","0","0","NO TARGET","61","0","0","NO TARGET"
"2026-10-04","922525205123","PRANEESH S","II IT B","2","praneesh1818@gmail.com","","","0","0","NO TARGET","34","0","0","NO TARGET"
"2026-10-04","922525205124","PRANEETH G","II IT B","2","praneethgopal764@gmail.com","","","0","0","NO TARGET","37","0","0","NO TARGET"
"2026-10-04","922525205125","PRASANNA K","II IT B","2","kprasanna1725@gmail.com","","","0","0","NO TARGET","0","0","0","NO TARGET"
"2026-10-04","922525205126","PRATHARSHAN M","II IT B","2","pratharshanm129@gmail.com","","","0","0","NO TARGET","39","0","0","NO TARGET"
"2026-10-04","922525205127","PRATHIPA S","II IT C","2","s.prathipa87@gmail.com","","","0","0","NO TARGET","208","0","0","NO TARGET"
"2026-10-04","922525205128","PRAVEEN KUMAR R","II IT C","2","praveenkumar9384453677@gmail.com","","","0","0","NO TARGET","32","0","0","NO TARGET"
"2026-10-04","922525205129","PRAVEEN KUMAR S","II IT C","2","praveen19june2007@gmail.com","","","0","0","NO TARGET","0","0","0","NO TARGET"
"2026-10-04","922525205130","PRAVEEN KUMAR S","II IT C","2","praveenpragadeesh1814@gmail.com","","","0","0","NO TARGET","0","0","0","NO TARGET"
"2026-10-04","922525205131","PRAVEEN R","II IT C","2","praveen1842h@gmail.com","","","0","0","NO TARGET","73","0","0","NO TARGET"
"2026-10-04","922525205132","PREETHA M S","II IT C","2","princesshappy26it@gmail.com","","","0","0","NO TARGET","180","0","0","NO TARGET"
"2026-10-04","922525205133","PRITHIVRAJ S","II IT C","2","prithivrajprithivraj237@gmail.com","","","0","0","NO TARGET","0","0","0","NO TARGET"
"2026-10-04","922525205134","PRIYADHARSHINI S","II IT C","2","dharshini6164@gmail.com","","","0","0","NO TARGET","160","0","0","NO TARGET"
"2026-10-04","922525205135","RAGUL N","II IT C","2","ragulnvrn@gmail.com","","","0","0","NO TARGET","124","0","0","NO TARGET"
"2026-10-04","922525205136","RAGUL V","II IT C","2","rdragul4@gmail.com","","","0","0","NO TARGET","0","0","0","NO TARGET"
"2026-10-04","922525205137","RAJA R","II IT C","2","rajasvm2007@gmail.com","","","0","0","NO TARGET","47","0","0","NO TARGET"
"2026-10-04","922525205138","RAKCHITHA R","II IT C","2","rakchitha24@gmail.com","","","0","0","NO TARGET","129","0","0","NO TARGET"
"2026-10-04","922525205139","RAKSHANYA R J","II IT C","2","rjrakshanya@gmail.com","","","0","0","NO TARGET","265","0","0","NO TARGET"
"2026-10-04","922525205140","REVANTH R","II IT C","2","revanthramesh08@gmail.com","","","0","0","NO TARGET","26","0","0","NO TARGET"
"2026-10-04","922525205141","RISHIKESWARAN N","II IT C","2","rishikeswaran9494@gmail.com","","","0","0","NO TARGET","137","0","0","NO TARGET"
"2026-10-04","922525205142","RITHANYA V","II IT C","2","vrithanya08@gmail.com","","","0","0","NO TARGET","139","0","0","NO TARGET"
"2026-10-04","922525205143","RITHANYIA B","II IT C","2","rithanyiabaskaran@gmail.com","","","0","0","NO TARGET","190","0","0","NO TARGET"
"2026-10-04","922525205144","RITHISH K","II IT C","2","rithishkannusamy@gmail.com","","","0","0","NO TARGET","0","0","0","NO TARGET"
"2026-10-04","922525205145","RITHVIK A","II IT C","2","rioriorio787878@gmail.com","","","0","0","NO TARGET","0","0","0","NO TARGET"
"2026-10-04","922525205146","ROHITH K","II IT C","2","rohithrohith4739@gmail.com","","","0","0","NO TARGET","0","0","0","NO TARGET"
"2026-10-04","922525205147","ROSHAN B","II IT C","2","roshan.treu@gmail.com","","","0","0","NO TARGET","26","0","0","NO TARGET"
"2026-10-04","922525205148","ROSHINI S","II IT C","2","roshinisathiyamoorthy@gmail.com","","","0","0","NO TARGET","122","0","0","NO TARGET"
"2026-10-04","922525205149","SABARI AG","II IT C","2","sabariag1829@gmail.com","","","0","0","NO TARGET","70","0","0","NO TARGET"
"2026-10-04","922525205150","SABITHRA S","II IT C","2","sabithra0807@gmail.com","","","0","0","NO TARGET","108","0","0","NO TARGET"
"2026-10-04","922525205151","SAMIKSHAA G S","II IT C","2","samikshaashanthi@gmail.com","","","0","0","NO TARGET","108","0","0","NO TARGET"
"2026-10-04","922525205152","SANJANI B","II IT C","2","sanjubkpm@gmail.com","","","0","0","NO TARGET","350","0","0","NO TARGET"
"2026-10-04","922525205153","SANJAYANT C S","II IT C","2","sanjithcs2808@gmail.com","","","0","0","NO TARGET","51","0","0","NO TARGET"
"2026-10-04","922525205154","SANMATHI S","II IT C","2","sanmathidurai007@gmail.com","","","0","0","NO TARGET","101","0","0","NO TARGET"
"2026-10-04","922525205155","SANTHIYA S","II IT C","2","santhiyasaminathan43@gmail.com","","","0","0","NO TARGET","168","0","0","NO TARGET"
"2026-10-04","922525205156","SARANYA V","II IT C","2","saranyav6379@gmail.com","","","0","0","NO TARGET","100","0","0","NO TARGET"
"2026-10-04","922525205157","SARATHI I","II IT C","2","sarathi04052008@gmail.com","","","0","0","NO TARGET","100","0","0","NO TARGET"
"2026-10-04","922525205158","SARMADHA K","II IT C","2","sarmadhakarthikeyan1204@gmail.com","","","0","0","NO TARGET","200","0","0","NO TARGET"
"2026-10-04","922525205159","SATYA JOTHI V","II IT C","2","satya422008@gmail.com","","","0","0","NO TARGET","127","0","0","NO TARGET"
"2026-10-04","922525205160","SHARMILA U","II IT C","2","udhayakumarganthimathi@gmail.com","","","0","0","NO TARGET","19","0","0","NO TARGET"
"2026-10-04","922525205161","SHEIK MEERAN A","II IT C","2","sheikmeeran0786@gmail.com","","","0","0","NO TARGET","0","0","0","NO TARGET"
"2026-10-04","922525205162","SHIVARAJ G","II IT C","2","shivarajgunasekaran3010@gmail.com","","","0","0","NO TARGET","29","0","0","NO TARGET"
"2026-10-04","922525205163","SIVANESH M","II IT C","2","sivaneshmanivel9955@gmail.com","","","0","0","NO TARGET","112","0","0","NO TARGET"
"2026-10-04","922525205164","SIVASUMITHRA S","II IT C","2","sivasumithrasivasumithra87@gmail.com","","","0","0","NO TARGET","130","0","0","NO TARGET"
"2026-10-04","922525205165","SOWBARANICA R","II IT C","2","sowbarnikaraman311@gmail.com","","","0","0","NO TARGET","120","0","0","NO TARGET"
"2026-10-04","922525205166","SRI PAVISH S","II IT C","2","sripavishsubbannan@gmail.com","","","0","0","NO TARGET","63","0","0","NO TARGET"
"2026-10-04","922525205167","SRI RAM K","II IT C","2","sriram2008k@gmail.com","","","0","0","NO TARGET","76","0","0","NO TARGET"
"2026-10-04","922525205169","SUBATHRA C","II IT C","2","subathrachidambaram07@gmail.com","","","0","0","NO TARGET","124","0","0","NO TARGET"
"2026-10-04","922525205170","SUBHASRI L","II IT C","2","subhasriloganathan29@gmail.com","","","0","0","NO TARGET","149","0","0","NO TARGET"
"2026-10-04","922525205171","SUGUL RAJ R","II IT C","2","sugulraj9363@gmail.com","","","0","0","NO TARGET","141","0","0","NO TARGET"
"2026-10-04","922525205172","SUGUMAR M","II IT C","2","sugumarmanokar1@gmail.com","","","0","0","NO TARGET","0","0","0","NO TARGET"
"2026-10-04","922525205173","SUJITHA R","II IT C","2","sujithars2012@gmail.com","","","0","0","NO TARGET","94","0","0","NO TARGET"
"2026-10-04","922525205174","SUROOPIKA M","II IT C","2","suroopika1703@gmail.com","","","0","0","NO TARGET","9","0","0","NO TARGET"
"2026-10-04","922525205175","SURYAPERUMAL R","II IT C","2","suryasury0103@gmail.com","","","0","0","NO TARGET","65","0","0","NO TARGET"
"2026-10-04","922525205176","SWARTHIKA M","II IT C","2","mmalarvizhi146@gmail.com","","","0","0","NO TARGET","142","0","0","NO TARGET"
"2026-10-04","922525205177","THAREKAA C","II IT C","2","tharekaachandrasekaran84@gmail.com","","","0","0","NO TARGET","157","0","0","NO TARGET"
"2026-10-04","922525205178","THILLAI RAJ C K","II IT C","2","thillairajspaceboy@gmail.com","","","0","0","NO TARGET","0","0","0","NO TARGET"
"2026-10-04","922525205179","THIRUMAKAL J","II IT C","2","thirumakal7010@gmail.com","","","0","0","NO TARGET","109","0","0","NO TARGET"
"2026-10-04","922525205180","UMA CHANDRAN A","II IT C","2","umachandran.ak@gmail.com","","","0","1","NO TARGET","395","1","0","NO TARGET"
"2026-10-04","922525205181","VASANTH S","II IT C","2","itzmevasanth31@gmail.com","","","0","0","NO TARGET","15","0","0","NO TARGET"
"2026-10-04","922525205182","VIGNESH KUMAR J","II IT C","2","jvigneshkumar20@gmail.com","","","0","0","NO TARGET","39","0","0","NO TARGET"
"2026-10-04","922525205183","VIKAS L","II IT C","2","vikasviikas2008@gmail.com","","","0","0","NO TARGET","56","0","0","NO TARGET"
"2026-10-04","922525205184","VIKASH MADHU S","II IT C","2","vikashmadhu781@gmail.com","","","0","0","NO TARGET","0","0","0","NO TARGET"
"2026-10-04","922525205185","VIKASHINI P","II IT C","2","vikashini724@gmail.com","","","0","0","NO TARGET","111","0","0","NO TARGET"
"2026-10-04","922525205186","VISHALINI E","II IT C","2","vishalini042@gmail.com","","","0","0","NO TARGET","158","0","0","NO TARGET"
"2026-10-04","922525205187","VISHALINI S","II IT C","2","vishalisaravanan2007@gmail.com","","","0","0","NO TARGET","0","0","0","NO TARGET"
"2026-10-04","922525205188","VISHWA M","II IT C","2","smart007vishwa@gmail.com","","","0","0","NO TARGET","66","0","0","NO TARGET"
"2026-10-04","922525205189","YOGESH S","II IT C","2","yogeshyogi.trt@gmail.com","","","0","0","NO TARGET","73","0","0","NO TARGET"
"2026-10-04","922525205301","SELVAKUMAR","II IT C","2","selvakumarbarathii@gmail.com","","","0","0","NO TARGET","0","0","0","NO TARGET"
"2026-10-04","922524205001","AAFRIN SAHANA A","III IT A","3","aafrinsahanaas@gmail.com","","","0","0","NO TARGET","76","0","0","NO TARGET"
"2026-10-04","922524205002","ABARNA M","III IT A","3","abarna1232007@gmail.com","","","0","0","NO TARGET","141","0","0","NO TARGET"
"2026-10-04","922524205003","ABHISHEK S","III IT A","3","abhishekkckv@gmail.com","","","0","0","NO TARGET","106","0","0","NO TARGET"
"2026-10-04","922524205004","ABINAYASRI M","III IT A","3","abinayasrimadhavan1@gmail.com","","","0","0","NO TARGET","101","0","0","NO TARGET"
"2026-10-04","922524205005","ABIRATHI B","III IT A","3","abirathibaskaran@gmail.com","","","0","0","NO TARGET","44","0","0","NO TARGET"
"2026-10-04","922524205006","ABIRUBHA P","III IT A","3","abirubhaabi@gmail.com","","","0","0","NO TARGET","75","0","0","NO TARGET"
"2026-10-04","922524205007","ABHISHEK","III IT A","3","abishek.s9344@gmail.com","","","0","0","NO TARGET","0","0","0","NO TARGET"
"2026-10-04","922524205008","ADHITHYA N","III IT A","3","adhithya252007@gmail.com","","","0","0","NO TARGET","92","0","0","NO TARGET"
"2026-10-04","922524205009","AISVARYA R","III IT A","3","aisvaryaraaj@gmail.com","","","0","0","NO TARGET","78","0","0","NO TARGET"
"2026-10-04","922524205010","AKHASH S","III IT A","3","akhash93611@gmail.com","","","0","0","NO TARGET","34","0","0","NO TARGET"
"2026-10-04","922524205011","AKSHAYA K","III IT A","3","akshayamahesh908@gmail.com","","","0","0","NO TARGET","107","0","0","NO TARGET"
"2026-10-04","922524205012","ANBUSELVAN S","III IT A","3","anbu06823@gmail.com","","","0","0","NO TARGET","60","0","0","NO TARGET"
"2026-10-04","922524205013","ANUSHA C","III IT A","3","anushadurai05@gmail.com","","","0","0","NO TARGET","123","0","0","NO TARGET"
"2026-10-04","922524205014","ARFA BANU A","III IT A","3","aneef0333@gmail.com","","","0","0","NO TARGET","108","0","0","NO TARGET"
"2026-10-04","922524205015","ARI HARA SANGAIAH T","III IT A","3","whitedevilt450@gmail.com","","","0","0","NO TARGET","36","0","0","NO TARGET"
"2026-10-04","922524205016","ASHLI BENITA J","III IT A","3","ashlibenita.jj@gmail.com","","","0","0","NO TARGET","65","0","0","NO TARGET"
"2026-10-04","922524205017","ASWIN K","III IT A","3","aswinrenuga123@gmail.com","","","0","0","NO TARGET","79","0","0","NO TARGET"
"2026-10-04","922524205018","BALASUBRAMANI P","III IT A","3","bala333be@gmail.com","","","0","0","NO TARGET","84","0","0","NO TARGET"
"2026-10-04","922524205019","BALAVIGNESH L G","III IT A","3","vignesh18012007@gmail.com","","","0","0","NO TARGET","86","0","0","NO TARGET"
"2026-10-04","922524205020","BHARANIKA SREE S","III IT A","3","senthilthalaiyur@gmail.com","","","0","0","NO TARGET","52","0","0","NO TARGET"
"2026-10-04","922524205022","BHARATH S","III IT A","3","bharath031806@gmail.com","","","0","0","NO TARGET","112","0","0","NO TARGET"
"2026-10-04","922524205023","BHAVANI M","III IT A","3","bhavani222007@gmail.com","","","0","0","NO TARGET","49","0","0","NO TARGET"
"2026-10-04","922524205024","DEEPAK V","III IT A","3","deepakvenkat2007@gmail.com","","","0","0","NO TARGET","76","0","0","NO TARGET"
"2026-10-04","922524205025","DEEPIKA G","III IT A","3","deepikaganesan200620@gmail.com","","","0","0","NO TARGET","0","0","0","NO TARGET"
"2026-10-04","922524205026","DEEPIKA R","III IT A","3","deepikarajagopal8@gmail.com","","","0","0","NO TARGET","175","0","0","NO TARGET"
"2026-10-04","922524205027","DHANU SHREE L","III IT A","3","santhikavidhanu@gmail.com","","","0","0","NO TARGET","108","0","0","NO TARGET"
"2026-10-04","922524205028","DHARSAN S","III IT A","3","dharsansivasamy@gmail.com","","","0","0","NO TARGET","98","0","0","NO TARGET"
"2026-10-04","922524205029","DHARSHAN P","III IT A","3","dharshanpnd@gmail.com","","","0","0","NO TARGET","20","0","0","NO TARGET"
"2026-10-04","922524205030","DHARUN KARTHIKEYAN R","III IT A","3","dharunramalingam2908@gmail.com","","","0","0","NO TARGET","81","0","0","NO TARGET"
"2026-10-04","922524205031","DHAVASIKAN J","III IT A","3","jdhavasikan2487@gmail.com","","","0","0","NO TARGET","128","0","0","NO TARGET"
"2026-10-04","922524205032","DHEENADHAYAL R","III IT A","3","dheenadhayal.r0305@gmail.com","","","0","0","NO TARGET","34","0","0","NO TARGET"
"2026-10-04","922524205033","DHINAKAR R","III IT A","3","spykingspyking1@gmail.com","","","0","0","NO TARGET","0","0","0","NO TARGET"
"2026-10-04","922524205034","DHIVAKAR S","III IT A","3","dhivakarkid.200k@gmail.com","","","0","0","NO TARGET","50","0","0","NO TARGET"
"2026-10-04","922524205035","DINESH C","III IT A","3","dinesh.c23.07.2007@gmail.com","","","0","0","NO TARGET","80","0","0","NO TARGET"
"2026-10-04","922524205036","DIVAKAR G","III IT A","3","divakargovindhan@gmail.com","","","0","0","NO TARGET","46","0","0","NO TARGET"
"2026-10-04","922524205037","DIVYA R","III IT A","3","divyaramasamy2623@gmail.com","","","0","0","NO TARGET","52","0","0","NO TARGET"
"2026-10-04","922524205038","DIVYADHARSHINI A","III IT A","3","divyadharshinikannan18@gmail.com","","","0","0","NO TARGET","89","0","0","NO TARGET"
"2026-10-04","922524205039","DIVYAPRABHA T","III IT A","3","divyaprabha300@gmail.com","","","0","0","NO TARGET","96","0","0","NO TARGET"
"2026-10-04","922524205040","ELAKKIYAA V","III IT A","3","elakkiviswa@gmail.com","","","0","0","NO TARGET","39","0","0","NO TARGET"
"2026-10-04","922524205041","FATHIMA S","III IT A","3","fathimashaulhammed@gmail.com","","","0","0","NO TARGET","78","0","0","NO TARGET"
"2026-10-04","922524205042","FRAGI BENEDICT S","III IT A","3","fragibenedict@gmail.com","","","0","0","NO TARGET","76","0","0","NO TARGET"
"2026-10-04","922524205043","GAYATHRI S","III IT A","3","gayu.gayathri9150@gmail.com","","","0","0","NO TARGET","46","0","0","NO TARGET"
"2026-10-04","922524205044","GOBIKA V","III IT A","3","gobikav2007@gmail.com","","","0","0","NO TARGET","131","0","0","NO TARGET"
"2026-10-04","922524205045","GOKULNATH S","III IT A","3","nklgokul2006@gmail.com","","","0","1","NO TARGET","70","1","0","NO TARGET"
"2026-10-04","922524205046","GOPIKA B","III IT A","3","gopikabala1806@gmail.com","","","0","0","NO TARGET","128","0","0","NO TARGET"
"2026-10-04","922524205047","GOVINDHARAJ S","III IT A","3","saransenthil003@gmail.com","","","0","0","NO TARGET","81","0","0","NO TARGET"
"2026-10-04","922524205048","GOWSHINI T","III IT A","3","tgowshini@gmail.com","","","0","0","NO TARGET","135","0","0","NO TARGET"
"2026-10-04","922524205050","GURUPRASATH A","III IT A","3","athistarajaguruprasath@gmail.com","","","0","0","NO TARGET","55","0","0","NO TARGET"
"2026-10-04","922524205051","HARIHARAN P","III IT A","3","hariharan2pvsh@gmail.com","","","0","0","NO TARGET","0","0","0","NO TARGET"
"2026-10-04","922524205052","HARINI R","III IT A","3","harinikgm32@gmail.com","","","0","0","NO TARGET","40","0","0","NO TARGET"
"2026-10-04","922524205053","HARINI S","III IT A","3","hariniharini41191@gmail.com","","","0","0","NO TARGET","89","0","0","NO TARGET"
"2026-10-04","922524205054","HARISH K","III IT A","3","harishkanagaraj234@gmail.com","","","0","0","NO TARGET","75","0","0","NO TARGET"
"2026-10-04","922524205055","HARSHAVARTHINI M","III IT A","3","harsha33279@gmail.com","","","0","0","NO TARGET","124","0","0","NO TARGET"
"2026-10-04","922524205056","HARSHINI T","III IT A","3","thangavelp1983@gmail.com","","","0","0","NO TARGET","83","0","0","NO TARGET"
"2026-10-04","922524205057","HARSITH K","III IT A","3","harsithh974@gmail.com","","","0","0","NO TARGET","77","0","0","NO TARGET"
"2026-10-04","922524205058","HEMA PRIYA K","III IT A","3","khemapriya2007@gmail.com","","","0","0","NO TARGET","92","0","0","NO TARGET"
"2026-10-04","922524205059","HEMA S","III IT A","3","hemasubramanian82@gmail.com","","","0","0","NO TARGET","144","0","0","NO TARGET"
"2026-10-04","922524205060","INDHUVARSHA B","III IT A","3","indhusanjay09@gmail.com","","","0","0","NO TARGET","118","0","0","NO TARGET"
"2026-10-04","922524205061","IRFAN AHAMED M","III IT A","3","irfanahamedm2007@gmail.com","","","0","0","NO TARGET","128","0","0","NO TARGET"
"2026-10-04","922524205062","JARVIS DENY A","III IT A","3","jarvisdeny10@gmail.com","","","0","0","NO TARGET","80","0","0","NO TARGET"
"2026-10-04","922524205063","JEEVA M","III IT A","3","jeeva424435@gmail.com","","","0","0","NO TARGET","63","0","0","NO TARGET"
"2026-10-04","922524205064","JERRY MATHEW J","III IT B","3","jerrymathew987@gmail.com","","","0","0","NO TARGET","82","0","0","NO TARGET"
"2026-10-04","922524205065","KABILAN S","III IT B","3","kabilankabilan123sk@gmail.com","","","0","0","NO TARGET","50","0","0","NO TARGET"
"2026-10-04","922524205066","KABILESH M","III IT B","3","kabileshclg0678@gmail.com","","","0","1","NO TARGET","350","1","0","NO TARGET"
"2026-10-04","922524205067","KALPANA K","III IT B","3","kalpanakrishnamoorthi2006@gmail.com","","","0","0","NO TARGET","290","0","0","NO TARGET"
"2026-10-04","922524205068","KALPANA SRI S","III IT B","3","kalpanasri253@gmail.com","","","0","0","NO TARGET","168","0","0","NO TARGET"
"2026-10-04","922524205069","KAMAL RAJ M","III IT B","3","kamalraj21980@gmail.com","","","0","0","NO TARGET","59","0","0","NO TARGET"
"2026-10-04","922524205070","KANIGA B","III IT B","3","kanigabala2606@gmail.com","","","0","0","NO TARGET","142","0","0","NO TARGET"
"2026-10-04","922524205071","KANIMOZHI R","III IT B","3","kanimozhi0712ad@gmail.com","","","0","0","NO TARGET","208","0","0","NO TARGET"
"2026-10-04","922524205072","KARTHIKA G","III IT B","3","karthikagopalakrishnan08@gmail.com","","","0","0","NO TARGET","113","0","0","NO TARGET"
"2026-10-04","922524205073","KARUPPUSWAMY V","III IT B","3","karuppuswamy2007@gmail.com","","","0","0","NO TARGET","114","0","0","NO TARGET"
"2026-10-04","922524205074","KAVI BHARATHI P","III IT B","3","kavibarathi643@gmail.com","","","0","1","NO TARGET","69","1","0","NO TARGET"
"2026-10-04","922524205075","KAVIN R","III IT B","3","kavinravi124@gmail.com","","","0","1","NO TARGET","310","1","0","NO TARGET"
"2026-10-04","922524205076","KAVIN S","III IT B","3","kavinshanmugam55@gmail.com","","","0","0","NO TARGET","227","0","0","NO TARGET"
"2026-10-04","922524205077","KAVIYA G","III IT B","3","kaviyagovindan123@gmail.com","","","0","0","NO TARGET","181","0","0","NO TARGET"
"2026-10-04","922524205078","KAVIYA PRABHA S","III IT B","3","kaviyaprabha706@gmail.com","","","0","0","NO TARGET","122","0","0","NO TARGET"
"2026-10-04","922524205079","KAVIYA R","III IT B","3","kaviya1286@gmail.com","","","0","0","NO TARGET","0","0","0","NO TARGET"
"2026-10-04","922524205080","KAVIYA S","III IT B","3","kaviyakavi6936@gmail.com","","","0","0","NO TARGET","371","0","0","NO TARGET"
"2026-10-04","922524205081","KAVYA T","III IT B","3","kavyatamilarasu@gmail.com","","","0","0","NO TARGET","537","0","0","NO TARGET"
"2026-10-04","922524205082","KESAVI T","III IT B","3","kesavikesavithangaraj@gmail.com","","","0","0","NO TARGET","295","0","0","NO TARGET"
"2026-10-04","922524205083","KESHAV AT","III IT B","3","keshavthangaraj@gmail.com","","","0","1","NO TARGET","275","1","0","NO TARGET"
"2026-10-04","922524205084","KIRUBA SRI J","III IT B","3","priyakirubasri@gmail.com","","","0","0","NO TARGET","0","0","0","NO TARGET"
"2026-10-04","922524205085","KOWSHIEK R","III IT B","3","kowshiekrajendran007@gmail.com","","","0","0","NO TARGET","106","0","0","NO TARGET"
"2026-10-04","922524205086","KOWSIKA D","III IT B","3","kowsika2286@gmail.com","","","0","0","NO TARGET","153","0","0","NO TARGET"
"2026-10-04","922524205087","KUMARAN S","III IT B","3","kumaran81244@gmail.com","","","0","0","NO TARGET","90","0","0","NO TARGET"
"2026-10-04","922524205088","LIBISHRI S","III IT B","3","libishridharnish@gmail.com","","","0","0","NO TARGET","242","0","0","NO TARGET"
"2026-10-04","922524205089","MADHAN BALAJI S","III IT B","3","madhanbalaji19@gmail.com","","","0","0","NO TARGET","386","0","0","NO TARGET"
"2026-10-04","922524205090","MADHUMITHA S","III IT B","3","s.madhumithakgm@gmail.com","","","0","0","NO TARGET","244","0","0","NO TARGET"
"2026-10-04","922524205091","MAGASRI S","III IT B","3","magasrisivakumar07@gmail.com","","","0","0","NO TARGET","241","0","0","NO TARGET"
"2026-10-04","922524205092","MANIKANDAN V","III IT B","3","manikandanveeran12345@gmail.com","","","0","1","NO TARGET","665","1","0","NO TARGET"
"2026-10-04","922524205093","MANOJ A","III IT B","3","manojannadurai2007@gmail.com","","","0","0","NO TARGET","51","0","0","NO TARGET"
"2026-10-04","922524205095","MENAGA K","III IT B","3","menagak889@gmail.com","","","0","0","NO TARGET","226","0","0","NO TARGET"
"2026-10-04","922524205097","MITHRA R","III IT B","3","mithurasu28@gmail.com","","","0","0","NO TARGET","361","0","0","NO TARGET"
"2026-10-04","922524205098","MOHANA PREETHI G","III IT B","3","gmpreethiguna2006@gmail.com","","","0","0","NO TARGET","210","0","0","NO TARGET"
"2026-10-04","922524205099","MOHITH L","III IT B","3","mohith.officiall@gmail.com","","","0","0","NO TARGET","44","0","0","NO TARGET"
"2026-10-04","922524205100","MONASHRI M S","III IT B","3","monashrimonashri2@gmail.com","","","0","0","NO TARGET","241","0","0","NO TARGET"
"2026-10-04","922524205101","MONIKA S","III IT B","3","monikasenthil838@gmail.com","","","0","0","NO TARGET","120","0","0","NO TARGET"
"2026-10-04","922524205102","MOULITHARAN I R","III IT B","3","moulitharan0107@gmail.com","","","0","0","NO TARGET","76","0","0","NO TARGET"
"2026-10-04","922524205103","MUNIYAN K","III IT B","3","muniyanbharath2007@gmail.com","","","0","0","NO TARGET","95","0","0","NO TARGET"
"2026-10-04","922524205104","NAGARAJ V","III IT B","3","nagarajvenkatahalam@gmail.com","","","0","0","NO TARGET","96","0","0","NO TARGET"
"2026-10-04","922524205105","NARENDRAN V","III IT B","3","narenvenkat26@gmail.com","","","0","0","NO TARGET","57","0","0","NO TARGET"
"2026-10-04","922524205106","NARMATHA B P","III IT B","3","narmathabala20@gmail.com","","","0","0","NO TARGET","77","0","0","NO TARGET"
"2026-10-04","922524205107","NARMATHA D","III IT B","3","narmathanarmatha707@gmail.com","","","0","0","NO TARGET","140","0","0","NO TARGET"
"2026-10-04","922524205108","NAVEEN P","III IT B","3","naveennaveen99451@gmail.com","","","0","0","NO TARGET","0","0","0","NO TARGET"
"2026-10-04","922524205109","NAVEENAA M","III IT B","3","mnaveenaaanand@gmail.com","","","0","0","NO TARGET","148","0","0","NO TARGET"
"2026-10-04","922524205110","NILOFER FATHIMA J","III IT B","3","niloferr16@gmail.com","","","0","0","NO TARGET","192","0","0","NO TARGET"
"2026-10-04","922524205111","NITHISH B","III IT B","3","nithishbaskaran007@gmail.com","","","0","0","NO TARGET","102","0","0","NO TARGET"
"2026-10-04","922524205112","NITHISH RAJAN P","III IT B","3","nithishprabhurajan@gmail.com","","","0","0","NO TARGET","160","0","0","NO TARGET"
"2026-10-04","922524205113","NIVETHA J","III IT B","3","jnive1609@gmail.com","","","0","0","NO TARGET","215","0","0","NO TARGET"
"2026-10-04","922524205114","NIVETHA V","III IT B","3","v.nivetha117@gmail.com","","","0","0","NO TARGET","340","0","0","NO TARGET"
"2026-10-04","922524205115","PAVISRI P","III IT B","3","pavisripalanisamy@gmail.com","","","0","0","NO TARGET","230","0","0","NO TARGET"
"2026-10-04","922524205116","POORNIMA S","III IT B","3","poornirevathi2007@gmail.com","","","0","0","NO TARGET","89","0","0","NO TARGET"
"2026-10-04","922524205117","POORVANITHISH S","III IT B","3","poorvanithish@gmail.com","","","0","0","NO TARGET","109","0","0","NO TARGET"
"2026-10-04","922524205118","PRADEEKSHA V","III IT B","3","pradeekshavadivel@gmail.com","","","0","0","NO TARGET","157","0","0","NO TARGET"
"2026-10-04","922524205119","PRANITHA D","III IT B","3","pranavprani12@gmail.com","","","0","0","NO TARGET","112","0","0","NO TARGET"
"2026-10-04","922524205120","PRATHIKSHA G","III IT B","3","prathikshagunasekaran014@gmail.com","","","0","0","NO TARGET","177","0","0","NO TARGET"
"2026-10-04","922524205121","PRAVEENKUMAR V","III IT B","3","pkpraveenkumar282@gmail.com","","","0","0","NO TARGET","122","0","0","NO TARGET"
"2026-10-04","922524205123","PRIYA V","III IT B","3","priyavengateshan39@gmail.com","","","0","1","NO TARGET","327","1","0","NO TARGET"
"2026-10-04","922524205124","PRIYADHARSHINI P","III IT B","3","priyadharshini.ap2006@gmail.com","","","0","0","NO TARGET","237","0","0","NO TARGET"
"2026-10-04","922524205301","AAKASH S","III IT B","3","aakashaakash20071007@gmail.com","","","0","0","NO TARGET","0","0","0","NO TARGET"
"2026-10-04","922524205302","DINESHKUMAR A","III IT B","3","dhineshdk46548@gmail.com","","","0","0","NO TARGET","0","0","0","NO TARGET"
"2026-10-04","922524205125","PRIYANKA M K","III IT C","3","priyankamk@gmail.com","","","0","0","NO TARGET","27","0","0","NO TARGET"
"2026-10-04","922524205126","RAGUL R","III IT C","3","ragul28102005@gmail.com","","","0","0","NO TARGET","125","0","0","NO TARGET"
"2026-10-04","922524205127","RAJASARANYA S","III IT C","3","sivasaranya20307@gmail.com","","","0","0","NO TARGET","80","0","0","NO TARGET"
"2026-10-04","922524205128","RAJAVARMAN R A","III IT C","3","rajavarmanrjv@gmail.com","","","0","1","NO TARGET","69","1","0","NO TARGET"
"2026-10-04","922524205129","RAMAKRISHNAN M","III IT C","3","muralikannan597@gmail.com","","","0","0","NO TARGET","104","0","0","NO TARGET"
"2026-10-04","922524205130","RAMKISHORE S M","III IT C","3","ramkishoresm@gmail.com","","","0","0","NO TARGET","108","0","0","NO TARGET"
"2026-10-04","922524205131","RANJANI DEVI R","III IT C","3","rameshranjani2007@gmail.com","","","0","0","NO TARGET","55","0","0","NO TARGET"
"2026-10-04","922524205132","RANJITH KUMAR S","III IT C","3","malathiselva431@gmail.com","","","0","0","NO TARGET","131","0","0","NO TARGET"
"2026-10-04","922524205133","RANKANAYAKI V","III IT C","3","rankanayakiv@gmail.com","","","0","0","NO TARGET","112","0","0","NO TARGET"
"2026-10-04","922524205134","RIFA NOWREEN NATHAR E M","III IT C","3","nowreenrifa@gmail.com","","","0","0","NO TARGET","111","0","0","NO TARGET"
"2026-10-04","922524205135","RITHEESHVER G","III IT C","3","ritheeshver@gmail.com","","","0","0","NO TARGET","4","0","0","NO TARGET"
"2026-10-04","922524205136","ROHITHSHARMA M","III IT C","3","rohithsharmasam123@gmail.com","","","0","0","NO TARGET","0","0","0","NO TARGET"
"2026-10-04","922524205137","ROSHAN SAFIHA B","III IT C","3","roshansafiha276@gmail.com","","","0","0","NO TARGET","113","0","0","NO TARGET"
"2026-10-04","922524205138","SABARI VASAN S","III IT C","3","ssv200610@gmail.com","","","0","0","NO TARGET","159","0","0","NO TARGET"
"2026-10-04","922524205139","SABITHA P","III IT C","3","psabitha292@gmail.com","","","0","0","NO TARGET","0","0","0","NO TARGET"
"2026-10-04","922524205140","SAKTHIVEL S","III IT C","3","sakthi83290@gmail.com","","","0","0","NO TARGET","110","0","0","NO TARGET"
"2026-10-04","922524205141","SALETH JOSELA A","III IT C","3","salethjosela@gmail.com","","","0","0","NO TARGET","70","0","0","NO TARGET"
"2026-10-04","922524205142","SANJAY K","III IT C","3","sanjaykajendran06@gmail.com","","","0","0","NO TARGET","181","0","0","NO TARGET"
"2026-10-04","922524205143","SANJAY S","III IT C","3","sanjayselvakumar05@gmail.com","","","0","0","NO TARGET","136","0","0","NO TARGET"
"2026-10-04","922524205144","SANJEEVANI M M","III IT C","3","sanjumani118@gmail.com","","","0","0","NO TARGET","56","0","0","NO TARGET"
"2026-10-04","922524205145","SANTHIYA B K","III IT C","3","santhiyakanagaraj1006@gmail.com","","","0","0","NO TARGET","105","0","0","NO TARGET"
"2026-10-04","922524205146","SANTHOSH KUMAR R","III IT C","3","rrsanthoshkumar06@gmail.com","","","0","0","NO TARGET","140","0","0","NO TARGET"
"2026-10-04","922524205147","SANTHOSH S","III IT C","3","santhosh8807r@gmail.com","","","0","0","NO TARGET","79","0","0","NO TARGET"
"2026-10-04","922524205148","SANTHOSHKUMAR S","III IT C","3","writetokumarsanthosh@gmail.com","","","0","0","NO TARGET","111","0","0","NO TARGET"
"2026-10-04","922524205149","SARAVANAN P","III IT C","3","saravanan2007p@gmail.com","","","0","0","NO TARGET","0","0","0","NO TARGET"
"2026-10-04","922524205150","SARMILA V","III IT C","3","sarmilapadmas@gmail.com","","","0","0","NO TARGET","134","0","0","NO TARGET"
"2026-10-04","922524205151","SATHISH KUMAR P","III IT C","3","basathishkumar2007@gmail.com","","","0","0","NO TARGET","10","0","0","NO TARGET"
"2026-10-04","922524205152","SELVARAJ D","III IT C","3","selvaduraisamy168@gmail.com","","","0","0","NO TARGET","72","0","0","NO TARGET"
"2026-10-04","922524205153","SHARUPRAKASH P","III IT C","3","sharusp2005@gmail.com","","","0","0","NO TARGET","60","0","0","NO TARGET"
"2026-10-04","922524205154","SHRINITHI V","III IT C","3","shrinithivadivel0@gmail.com","","","0","0","NO TARGET","79","0","0","NO TARGET"
"2026-10-04","922524205155","SIVAPRASANTH S","III IT C","3","sivaprasanthsubramaniyam123@gmail.com","","","0","0","NO TARGET","105","0","0","NO TARGET"
"2026-10-04","922524205156","SRIJANANI P","III IT C","3","srijananiprasanth@gmail.com","","","0","0","NO TARGET","54","0","0","NO TARGET"
"2026-10-04","922524205157","SRINIDI R","III IT C","3","srinidiramesh2006@gmail.com","","","0","0","NO TARGET","108","0","0","NO TARGET"
"2026-10-04","922524205159","SUJI M","III IT C","3","sujimahendran976@gmail.com","","","0","0","NO TARGET","0","0","0","NO TARGET"
"2026-10-04","922524205160","SUJITH R","III IT C","3","sujithrajalingam368@gmail.com","","","0","0","NO TARGET","77","0","0","NO TARGET"
"2026-10-04","922524205161","SUPREYA M K","III IT C","3","supreya1447@gmail.com","","","0","0","NO TARGET","122","0","0","NO TARGET"
"2026-10-04","922524205162","SURIYAPRIYA V","III IT C","3","suriyapriya534@gmail.com","","","0","0","NO TARGET","88","0","0","NO TARGET"
"2026-10-04","922524205163","SUVATHI N","III IT C","3","nsuvathi2007@gmail.com","","","0","0","NO TARGET","95","0","0","NO TARGET"
"2026-10-04","922524205164","SWATHI C","III IT C","3","swathi742007@gmail.com","","","0","0","NO TARGET","85","0","0","NO TARGET"
"2026-10-04","922524205165","SWATHI R","III IT C","3","swathiswathi83004@gmail.com","","","0","0","NO TARGET","109","0","0","NO TARGET"
"2026-10-04","922524205166","SWETHAA V","III IT C","3","swetha1999abc@gmail.com","","","0","0","NO TARGET","179","0","0","NO TARGET"
"2026-10-04","922524205167","TARUN KARTHICK G","III IT C","3","gtarungopi@gmail.com","","","0","0","NO TARGET","133","0","0","NO TARGET"
"2026-10-04","922524205168","THAMILNESAN I","III IT C","3","thamil0612@gmail.com","","","0","0","NO TARGET","106","0","0","NO TARGET"
"2026-10-04","922524205170","THARANI T","III IT C","3","tharanithiruppathi58@gmail.com","","","0","0","NO TARGET","110","0","0","NO TARGET"
"2026-10-04","922524205171","THARUNKUMAR K","III IT C","3","tharunkumark42007@gmail.com","","","0","1","NO TARGET","172","1","0","NO TARGET"
"2026-10-04","922524205172","THEERTHA GIRI J","III IT C","3","giritheertha351@gmail.com","","","0","0","NO TARGET","65","0","0","NO TARGET"
"2026-10-04","922524205173","THIRUVASAGAM V","III IT C","3","vijaythiruvasagam007@gmail.com","","","0","0","NO TARGET","121","0","0","NO TARGET"
"2026-10-04","922524205174","VANITHA M","III IT C","3","vanitham6382@gmail.com","","","0","0","NO TARGET","119","0","0","NO TARGET"
"2026-10-04","922524205175","VARSHA S","III IT C","3","varshaselvam8610@gmail.com","","","0","0","NO TARGET","0","0","0","NO TARGET"
"2026-10-04","922524205176","VARSHENI T","III IT C","3","varshenithanganathan@gmail.com","","","0","0","NO TARGET","114","0","0","NO TARGET"
"2026-10-04","922524205177","VARSHINI S","III IT C","3","varshinisakthivel007@gmail.com","","","0","0","NO TARGET","78","0","0","NO TARGET"
"2026-10-04","922524205178","VIKASH S","III IT C","3","sathasivams397@gmail.com","","","0","0","NO TARGET","104","0","0","NO TARGET"
"2026-10-04","922524205179","VISHALINI B","III IT C","3","vishal135798@gmail.com","","","0","0","NO TARGET","110","0","0","NO TARGET"
"2026-10-04","922524205180","YAMUNA E","III IT C","3","elumalaiyamuna21@gmail.com","","","0","0","NO TARGET","170","0","0","NO TARGET"
"2026-10-04","922524205181","YOGADHARSHINI S","III IT C","3","yogasasi3926@gmail.com","","","0","0","NO TARGET","100","0","0","NO TARGET"
"2026-10-04","922524205182","YOGESH R","III IT C","3","rogyogesh2006@gmail.com","","","0","0","NO TARGET","100","0","0","NO TARGET"
"2026-10-04","922524205183","YUVANESH P","III IT C","3","palanivelyuvanesh@gmail.com","","","0","0","NO TARGET","756","0","0","NO TARGET"
"2026-10-04","922524205184","YUVANSANKAR K","III IT C","3","yuvansankar240@gmail.com","","","0","0","NO TARGET","101","0","0","NO TARGET"
"2026-10-04","922524205185","SRILEKHA S","III IT C","3","srilekhanalini@gmail.com","","","0","0","NO TARGET","152","0","0","NO TARGET"
"2026-10-04","922524205303","NADAR PRAKASH SHIVASAKTHIVEL","III IT C","3","prakashnadar026@gmail.com","","","0","0","NO TARGET","125","0","0","NO TARGET"